stdhour,routeno,routename,updowntypecode,vdsid,trafficamout,shareratio,conzoneid,conzonename,stddate,speed,timeavg,grade,collection_time
1540,0010,경부선,E,0010VDE08150,37,6,0010CZE140,도동JC-북대구IC,20250503,27,49,3,2025-05-03 15:43:09
1540,0010,경부선,E,0010VDE24600,47,27,0010CZE355,옥산IC-옥산JC,20250503,28,212,3,2025-05-03 15:43:09
1540,0010,경부선,E,0010VDE24700,39,33,0010CZE357,옥산JC-목천IC,20250503,27,145,3,2025-05-03 15:43:09
1540,0010,경부선,E,0010VDE25600,44,17,0010CZE357,옥산JC-목천IC,20250503,21,85,3,2025-05-03 15:43:09
1540,0010,경부선,S,0010VDS08100,85,10,0010CZS140,북대구IC-도동JC,20250503,37,42,3,2025-05-03 15:43:09
1540,0010,경부선,S,0010VDS08102,85,10,0010CZS140,북대구IC-도동JC,20250503,37,28,3,2025-05-03 15:43:09
1540,0010,경부선,S,0010VDS08400,39,55,0010CZS150,금호JC-북대구IC,20250503,10,302,3,2025-05-03 15:43:09
1540,0010,경부선,S,0010VDS08500,39,55,0010CZS150,금호JC-북대구IC,20250503,10,352,3,2025-05-03 15:43:09
1540,0010,경부선,S,0010VDS18555,39,15,0010CZS250,금강IC-영동IC,20250503,28,100,3,2025-05-03 15:43:09
1540,0010,경부선,S,0010VDS18556,39,15,0010CZS250,금강IC-영동IC,20250503,28,107,3,2025-05-03 15:43:09
1540,0010,경부선,S,0010VDS18800,34,40,0010CZS260,옥천IC-금강IC,20250503,19,185,3,2025-05-03 15:43:09
1540,0010,경부선,S,0010VDS18900,39,38,0010CZS260,옥천IC-금강IC,20250503,23,178,3,2025-05-03 15:43:09
1540,0010,경부선,S,0010VDS19000,24,19,0010CZS260,옥천IC-금강IC,20250503,30,125,3,2025-05-03 15:43:09
1540,0010,경부선,S,0010VDS19100,24,19,0010CZS260,옥천IC-금강IC,20250503,30,95,3,2025-05-03 15:43:09
1540,0010,경부선,S,0010VDS19200,37,31,0010CZS260,옥천IC-금강IC,20250503,30,118,3,2025-05-03 15:43:09
1540,0010,경부선,S,0010VDS19300,50,23,0010CZS260,옥천IC-금강IC,20250503,25,252,3,2025-05-03 15:43:09
1540,0010,경부선,S,0010VDS21000,50,29,0010CZS290,회덕JC-대전IC,20250503,26,181,3,2025-05-03 15:43:09
1540,0010,경부선,S,0010VDS21100,59,52,0010CZS290,회덕JC-대전IC,20250503,19,180,3,2025-05-03 15:43:09
1540,0010,경부선,S,0010VDS21200,53,54,0010CZS290,회덕JC-대전IC,20250503,26,122,3,2025-05-03 15:43:09
1540,0010,경부선,S,0010VDS21350,19,6,0010CZS290,회덕JC-대전IC,20250503,34,93,3,2025-05-03 15:43:09
1540,0010,경부선,S,0010VDS21400,57,45,0010CZS290,회덕JC-대전IC,20250503,19,242,3,2025-05-03 15:43:09
1540,0010,경부선,S,0010VDS21500,38,40,0010CZS300,신탄진IC-회덕JC,20250503,21,126,3,2025-05-03 15:43:09
1540,0010,경부선,S,0010VDS21600,52,52,0010CZS300,신탄진IC-회덕JC,20250503,17,302,3,2025-05-03 15:43:09
1540,0010,경부선,S,0010VDS21700,79,35,0010CZS300,신탄진IC-회덕JC,20250503,26,178,3,2025-05-03 15:43:09
1540,0010,경부선,S,0010VDS22500,58,35,0010CZS310,남청주IC-신탄진IC,20250503,23,105,3,2025-05-03 15:43:09
1540,0010,경부선,S,0010VDS22600,58,35,0010CZS310,남청주IC-신탄진IC,20250503,23,128,3,2025-05-03 15:43:09
1540,0010,경부선,S,0010VDS22700,57,37,0010CZS310,남청주IC-신탄진IC,20250503,21,155,3,2025-05-03 15:43:09
1540,0010,경부선,S,0010VDS22800,44,16,0010CZS310,남청주IC-신탄진IC,20250503,40,97,2,2025-05-03 15:43:09
1540,0010,경부선,S,0010VDS22900,61,20,0010CZS310,남청주IC-신탄진IC,20250503,34,74,3,2025-05-03 15:43:09
1540,0010,경부선,S,0010VDS23000,49,31,0010CZS320,청주JC-남청주IC,20250503,21,276,3,2025-05-03 15:43:09
1540,0010,경부선,S,0010VDS23050,49,31,0010CZS320,청주JC-남청주IC,20250503,21,318,3,2025-05-03 15:43:09
1540,0010,경부선,S,0010VDS23350,75,23,0010CZS330,남이JC-청주JC,20250503,32,240,3,2025-05-03 15:43:09
1540,0010,경부선,S,0010VDS23400,75,23,0010CZS330,남이JC-청주JC,20250503,32,184,3,2025-05-03 15:43:09
1540,0010,경부선,S,0010VDS23800,52,25,0010CZS340,청주IC-남이JC,20250503,36,164,3,2025-05-03 15:43:09
1540,0010,경부선,S,0010VDS23900,24,27,0010CZS350,옥산IC-청주IC,20250503,30,140,3,2025-05-03 15:43:09
1540,0010,경부선,S,0010VDS24100,37,23,0010CZS350,옥산IC-청주IC,20250503,18,225,3,2025-05-03 15:43:09
1540,0010,경부선,S,0010VDS24200,52,12,0010CZS355,옥산JC-옥산IC,20250503,40,106,2,2025-05-03 15:43:09
1540,0010,경부선,S,0010VDS26300,94,29,0010CZS370,천안IC-천안JC,20250503,31,103,3,2025-05-03 15:43:09
1540,0010,경부선,S,0010VDS26350,94,29,0010CZS370,천안IC-천안JC,20250503,31,127,3,2025-05-03 15:43:09
1540,0010,경부선,S,0010VDS26400,103,42,0010CZS370,천안IC-천안JC,20250503,24,228,3,2025-05-03 15:43:09
1540,0010,경부선,S,0010VDS27000,80,23,0010CZS385,안성IC-북천안IC,20250503,33,87,3,2025-05-03 15:43:09
1540,0010,경부선,S,0010VDS27100,80,23,0010CZS385,안성IC-북천안IC,20250503,33,163,3,2025-05-03 15:43:09
1540,0010,경부선,S,0010VDS27400,56,24,0010CZS385,안성IC-북천안IC,20250503,30,167,3,2025-05-03 15:43:09
1540,0100,남해선(순천-부산),E,0100VDE10400,23,70,0100CZE205,칠원JC - 창원1터널(서측),20250503,9,790,3,2025-05-03 15:43:09
1540,0100,남해선(순천-부산),E,0100VDE10600,43,36,0100CZE205,칠원JC - 창원1터널(서측),20250503,27,263,3,2025-05-03 15:43:09
1540,0100,남해선(순천-부산),S,0100VDS05900,44,40,0100CZS100,사천IC-축동IC,20250503,25,155,3,2025-05-03 15:43:09
1540,0100,남해선(순천-부산),S,0100VDS06000,51,31,0100CZS100,사천IC-축동IC,20250503,34,92,3,2025-05-03 15:43:09
1540,0100,남해선(순천-부산),S,0100VDS06200,43,27,0100CZS100,사천IC-축동IC,20250503,35,140,3,2025-05-03 15:43:09
1540,0100,남해선(순천-부산),S,0100VDS06400,22,57,0100CZS100,사천IC-축동IC,20250503,10,526,3,2025-05-03 15:43:09
1540,0100,남해선(순천-부산),S,0100VDS06700,65,27,0100CZS120,진주IC-진주JC,20250503,32,90,3,2025-05-03 15:43:09
1540,0100,남해선(순천-부산),S,0100VDS09700,93,28,0100CZS190,산인JC-함안IC,20250503,36,87,3,2025-05-03 15:43:09
1540,0100,남해선(순천-부산),S,0100VDS09800,93,28,0100CZS190,산인JC-함안IC,20250503,36,107,3,2025-05-03 15:43:09
1540,0100,남해선(순천-부산),S,0100VDS09900,85,31,0100CZS190,산인JC-함안IC,20250503,35,117,3,2025-05-03 15:43:09
1540,0100,남해선(순천-부산),S,0100VDS10000,85,31,0100CZS190,산인JC-함안IC,20250503,35,138,3,2025-05-03 15:43:09
1540,0100,남해선(순천-부산),S,0100VDS10608,38,30,0100CZS210,창원1터널(동측) - 창원1터널(서측),20250503,26,90,3,2025-05-03 15:43:09
1540,0100,남해선(순천-부산),S,0100VDS10609,34,25,0100CZS215,북창원IC - 창원1터널(동측),20250503,27,71,3,2025-05-03 15:43:09
1540,0100,남해선(순천-부산),S,0100VDS10700,39,34,0100CZS215,북창원IC - 창원1터널(동측),20250503,25,92,3,2025-05-03 15:43:09
1540,0100,남해선(순천-부산),S,0100VDS10800,39,33,0100CZS220,창원JC-북창원IC,20250503,31,152,3,2025-05-03 15:43:09
1540,0100,남해선(순천-부산),S,0100VDS10830,27,11,0100CZS220,창원JC-북창원IC,20250503,24,178,3,2025-05-03 15:43:09
1540,0100,남해선(순천-부산),S,0100VDS10870,31,12,0100CZS220,창원JC-북창원IC,20250503,25,150,3,2025-05-03 15:43:09
1540,0150,서해안선,E,0150VDE26600,56,2,0150CZE290,서평택JC-발안IC,20250503,27,154,3,2025-05-03 15:43:09
1540,0150,서해안선,E,0150VDE26700,56,2,0150CZE290,서평택JC-발안IC,20250503,27,154,3,2025-05-03 15:43:09
1540,0150,서해안선,E,0150VDE26800,56,2,0150CZE290,서평택JC-발안IC,20250503,27,167,3,2025-05-03 15:43:09
1540,0150,서해안선,E,0150VDE28000,47,46,0150CZE315,매송IC-팔곡JC,20250503,18,72,3,2025-05-03 15:43:09
1540,0150,서해안선,E,0150VDE28930,75,40,0150CZE360,목감IC-광명역IC,20250503,30,136,3,2025-05-03 15:43:09
1540,0150,서해안선,S,0150VDS11900,36,12,0150CZS130,동군산IC-서김제IC,20250503,33,249,3,2025-05-03 15:43:09
1540,0150,서해안선,S,0150VDS13400,26,44,0150CZS150,동서천JC-군산IC,20250503,14,316,3,2025-05-03 15:43:09
1540,0150,서해안선,S,0150VDS23800,51,8,0150CZS260,송악IC-당진IC,20250503,38,89,3,2025-05-03 15:43:09
1540,0150,서해안선,S,0150VDS23900,61,9,0150CZS260,송악IC-당진IC,20250503,38,85,3,2025-05-03 15:43:09
1540,0150,서해안선,S,0150VDS24000,54,12,0150CZS260,송악IC-당진IC,20250503,30,113,3,2025-05-03 15:43:09
1540,0150,서해안선,S,0150VDS24900,62,12,0150CZS265,포승JC-송악IC,20250503,31,118,3,2025-05-03 15:43:09
1540,0150,서해안선,S,0150VDS25000,62,10,0150CZS265,포승JC-송악IC,20250503,35,131,3,2025-05-03 15:43:09
1540,0150,서해안선,S,0150VDS25100,44,9,0150CZS265,포승JC-송악IC,20250503,30,128,3,2025-05-03 15:43:09
1540,0150,서해안선,S,0150VDS25200,43,9,0150CZS265,포승JC-송악IC,20250503,32,100,3,2025-05-03 15:43:09
1540,0150,서해안선,S,0150VDS25300,41,12,0150CZS265,포승JC-송악IC,20250503,23,145,3,2025-05-03 15:43:09
1540,0150,서해안선,S,0150VDS25400,22,11,0150CZS270,서평택IC-포승JC,20250503,13,187,3,2025-05-03 15:43:09
1540,0150,서해안선,S,0150VDS25401,22,11,0150CZS270,서평택IC-포승JC,20250503,13,116,3,2025-05-03 15:43:09
1540,0150,서해안선,S,0150VDS25700,19,17,0150CZS280,서평택JC-서평택IC,20250503,22,164,3,2025-05-03 15:43:09
1540,0150,서해안선,S,0150VDS25800,19,17,0150CZS280,서평택JC-서평택IC,20250503,22,145,3,2025-05-03 15:43:09
1540,0150,서해안선,S,0150VDS25900,12,18,0150CZS280,서평택JC-서평택IC,20250503,13,269,3,2025-05-03 15:43:09
1540,0150,서해안선,S,0150VDS26000,20,18,0150CZS280,서평택JC-서평택IC,20250503,23,187,3,2025-05-03 15:43:09
1540,0150,서해안선,S,0150VDS26100,15,11,0150CZS280,서평택JC-서평택IC,20250503,20,172,3,2025-05-03 15:43:09
1540,0150,서해안선,S,0150VDS26200,25,19,0150CZS280,서평택JC-서평택IC,20250503,25,188,3,2025-05-03 15:43:09
1540,0150,서해안선,S,0150VDS26300,15,37,0150CZS290,발안IC-서평택JC,20250503,6,378,3,2025-05-03 15:43:09
1540,0153,평택시흥선,E,0153VDE00010,33,29,0153CZE010,서평택JC-조암IC,20250503,35,162,3,2025-05-03 15:43:09
1540,0153,평택시흥선,E,0153VDE00020,48,2,0153CZE010,서평택JC-조암IC,20250503,39,94,3,2025-05-03 15:43:09
1540,0153,평택시흥선,E,0153VDE00160,33,4,0153CZE025,마도JC-송산마도IC,20250503,28,94,3,2025-05-03 15:43:09
1540,0153,평택시흥선,E,0153VDE00170,47,23,0153CZE025,마도JC-송산마도IC,20250503,39,89,3,2025-05-03 15:43:09
1540,0153,평택시흥선,E,0153VDE00200,44,32,0153CZE030,송산마도IC-남안산JC,20250503,31,97,3,2025-05-03 15:43:09
1540,0153,평택시흥선,E,0153VDE00220,36,4,0153CZE030,송산마도IC-남안산JC,20250503,24,179,3,2025-05-03 15:43:09
1540,0153,평택시흥선,S,0153VDS00020,23,12,0153CZS010,조암IC-서평택JC,20250503,19,189,3,2025-05-03 15:43:09
1540,0153,평택시흥선,S,0153VDS00210,30,22,0153CZS030,남안산JC-송산마도IC,20250503,30,135,3,2025-05-03 15:43:09
1540,0153,평택시흥선,S,0153VDS00220,36,3,0153CZS030,남안산JC-송산마도IC,20250503,29,150,3,2025-05-03 15:43:09
1540,0153,평택시흥선,S,0153VDS00280,42,31,0153CZS030,남안산JC-송산마도IC,20250503,29,119,3,2025-05-03 15:43:09
1540,0153,평택시흥선,S,0153VDS00290,42,25,0153CZS035,남안산IC-남안산JC,20250503,36,83,3,2025-05-03 15:43:09
1540,0153,평택시흥선,S,0153VDS00300,42,25,0153CZS035,남안산IC-남안산JC,20250503,36,91,3,2025-05-03 15:43:09
1540,0153,평택시흥선,S,0153VDS00310,30,29,0153CZS035,남안산IC-남안산JC,20250503,21,259,3,2025-05-03 15:43:09
1540,0170,평택화성선,E,0170VDE00001,49,29,0170CZE010,오성IC-평택JC,20250503,20,265,3,2025-05-03 15:43:09
1540,0170,평택화성선,E,0170VDE00006,74,25,0170CZE030,어연IC-북평택TG,20250503,37,102,3,2025-05-03 15:43:09
1540,0170,평택화성선,E,0170VDE00016,56,27,0170CZE050,향남IC-서오산JC,20250503,24,153,3,2025-05-03 15:43:09
1540,0170,평택화성선,E,0170VDE00130,28,56,0170CZE130,동안산IC-남군포IC,20250503,16,136,3,2025-05-03 15:43:09
1540,0170,평택화성선,E,0170VDE00140,43,19,0170CZE130,동안산IC-남군포IC,20250503,38,57,3,2025-05-03 15:43:09
1540,0170,평택화성선,S,0170VDS00001,32,45,0170CZS010,평택JC-오성IC,20250503,10,535,3,2025-05-03 15:43:09
1540,0170,평택화성선,S,0170VDS00002,29,39,0170CZS010,평택JC-오성IC,20250503,13,297,3,2025-05-03 15:43:09
1540,0170,평택화성선,S,0170VDS00003,19,45,0170CZS020,어연IC-평택JC,20250503,7,444,3,2025-05-03 15:43:09
1540,0170,평택화성선,S,0170VDS00004,36,33,0170CZS020,어연IC-평택JC,20250503,14,241,3,2025-05-03 15:43:09
1540,0170,평택화성선,S,0170VDS00005,43,33,0170CZS020,어연IC-평택JC,20250503,14,228,3,2025-05-03 15:43:09
1540,0170,평택화성선,S,0170VDS00006,38,47,0170CZS030,북평택TG-어연IC,20250503,19,200,3,2025-05-03 15:43:09
1540,0170,평택화성선,S,0170VDS00007,28,38,0170CZS040,향남IC-북평택TG,20250503,13,292,3,2025-05-03 15:43:09
1540,0170,평택화성선,S,0170VDS00008,59,22,0170CZS040,향남IC-북평택TG,20250503,28,124,3,2025-05-03 15:43:09
1540,0170,평택화성선,S,0170VDS00009,54,29,0170CZS040,향남IC-북평택TG,20250503,20,172,3,2025-05-03 15:43:09
1540,0170,평택화성선,S,0170VDS00010,40,30,0170CZS040,향남IC-북평택TG,20250503,27,133,3,2025-05-03 15:43:09
1540,0170,평택화성선,S,0170VDS00011,61,28,0170CZS040,향남IC-북평택TG,20250503,24,145,3,2025-05-03 15:43:09
1540,0170,평택화성선,S,0170VDS00012,61,28,0170CZS040,향남IC-북평택TG,20250503,24,138,3,2025-05-03 15:43:09
1540,0170,평택화성선,S,0170VDS00013,57,17,0170CZS040,향남IC-북평택TG,20250503,37,123,3,2025-05-03 15:43:09
1540,0170,평택화성선,S,0170VDS00014,39,24,0170CZS050,서오산JC-향남IC,20250503,21,123,3,2025-05-03 15:43:09
1540,0170,평택화성선,S,0170VDS00015,49,27,0170CZS050,서오산JC-향남IC,20250503,19,188,3,2025-05-03 15:43:09
1540,0170,평택화성선,S,0170VDS00150,42,25,0170CZS130,남군포IC-동안산IC,20250503,27,86,3,2025-05-03 15:43:09
1540,0170,평택화성선,S,0170VDS00160,38,41,0170CZS130,남군포IC-동안산IC,20250503,23,88,3,2025-05-03 15:43:09
1540,0170,평택화성선,S,0170VDS00170,49,26,0170CZS140,동시흥JC-남군포IC,20250503,27,170,3,2025-05-03 15:43:09
1540,0170,평택화성선,S,0170VDS00230,52,15,0170CZS140,동시흥JC-남군포IC,20250503,39,83,3,2025-05-03 15:43:09
1540,0175,익산평택선,S,0175VDS02000,40,26,0175CZS030,예산예당호Hi-청양IC,20250503,24,203,3,2025-05-03 15:43:09
1540,0175,익산평택선,S,0175VDS04000,32,21,0175CZS030,예산예당호Hi-청양IC,20250503,30,168,3,2025-05-03 15:43:09
1540,0175,익산평택선,S,0175VDS04900,42,17,0175CZS050,예산추사고택IC-예산JC,20250503,38,91,3,2025-05-03 15:43:09
1540,0175,익산평택선,S,0175VDS05100,48,21,0175CZS050,예산추사고택IC-예산JC,20250503,30,109,3,2025-05-03 15:43:09
1540,0175,익산평택선,S,0175VDS05200,45,20,0175CZS050,예산추사고택IC-예산JC,20250503,34,120,3,2025-05-03 15:43:09
1540,0175,익산평택선,S,0175VDS05300,36,31,0175CZS060,영인IC-예산추사고택IC,20250503,18,176,3,2025-05-03 15:43:09
1540,0175,익산평택선,S,0175VDS05400,30,36,0175CZS060,영인IC-예산추사고택IC,20250503,13,251,3,2025-05-03 15:43:09
1540,0175,익산평택선,S,0175VDS05500,38,18,0175CZS060,영인IC-예산추사고택IC,20250503,34,74,3,2025-05-03 15:43:09
1540,0175,익산평택선,S,0175VDS05600,34,21,0175CZS060,영인IC-예산추사고택IC,20250503,31,129,3,2025-05-03 15:43:09
1540,0175,익산평택선,S,0175VDS05700,46,22,0175CZS060,영인IC-예산추사고택IC,20250503,30,147,3,2025-05-03 15:43:09
1540,0175,익산평택선,S,0175VDS05800,22,57,0175CZS060,영인IC-예산추사고택IC,20250503,14,276,3,2025-05-03 15:43:09
1540,0175,익산평택선,S,0175VDS05900,20,35,0175CZS060,영인IC-예산추사고택IC,20250503,15,236,3,2025-05-03 15:43:09
1540,0175,익산평택선,S,0175VDS06200,40,22,0175CZS060,영인IC-예산추사고택IC,20250503,36,103,3,2025-05-03 15:43:09
1540,0175,익산평택선,S,0175VDS06400,34,18,0175CZS060,영인IC-예산추사고택IC,20250503,28,126,3,2025-05-03 15:43:09
1540,0175,익산평택선,S,0175VDS06500,47,19,0175CZS060,영인IC-예산추사고택IC,20250503,35,92,3,2025-05-03 15:43:09
1540,0175,익산평택선,S,0175VDS06600,33,29,0175CZS060,영인IC-예산추사고택IC,20250503,18,207,3,2025-05-03 15:43:09
1540,0175,익산평택선,S,0175VDS06700,46,19,0175CZS060,영인IC-예산추사고택IC,20250503,36,106,3,2025-05-03 15:43:09
1540,0175,익산평택선,S,0175VDS06800,44,17,0175CZS060,영인IC-예산추사고택IC,20250503,39,84,3,2025-05-03 15:43:09
1540,0175,익산평택선,S,0175VDS06900,34,34,0175CZS060,영인IC-예산추사고택IC,20250503,19,442,3,2025-05-03 15:43:09
1540,0252,논산천안선,E,0252VDE18770,46,30,0252CZE070,북공주JC-정안IC,20250503,38,68,3,2025-05-03 15:43:09
1540,0252,논산천안선,E,0252VDE18780,40,42,0252CZE070,북공주JC-정안IC,20250503,22,194,3,2025-05-03 15:43:09
1540,0252,논산천안선,E,0252VDE18790,24,79,0252CZE070,북공주JC-정안IC,20250503,15,240,3,2025-05-03 15:43:09
1540,0252,논산천안선,E,0252VDE18800,20,55,0252CZE070,북공주JC-정안IC,20250503,17,191,3,2025-05-03 15:43:09
1540,0252,논산천안선,E,0252VDE18840,38,33,0252CZE070,북공주JC-정안IC,20250503,27,104,3,2025-05-03 15:43:09
1540,0252,논산천안선,E,0252VDE18850,24,77,0252CZE070,북공주JC-정안IC,20250503,16,261,3,2025-05-03 15:43:09
1540,0252,논산천안선,E,0252VDE18860,48,42,0252CZE080,정안IC-남풍세IC,20250503,26,100,3,2025-05-03 15:43:09
1540,0252,논산천안선,E,0252VDE18900,34,35,0252CZE080,정안IC-남풍세IC,20250503,39,39,3,2025-05-03 15:43:09
1540,0252,논산천안선,E,0252VDE18910,36,25,0252CZE080,정안IC-남풍세IC,20250503,35,34,3,2025-05-03 15:43:09
1540,0252,논산천안선,E,0252VDE18920,36,26,0252CZE080,정안IC-남풍세IC,20250503,35,32,3,2025-05-03 15:43:09
1540,0252,논산천안선,E,0252VDE18930,30,27,0252CZE080,정안IC-남풍세IC,20250503,34,28,3,2025-05-03 15:43:09
1540,0252,논산천안선,S,0252VDS18210,42,28,0252CZS010,연무IC-논산JC,20250503,37,173,3,2025-05-03 15:43:09
1540,0252,논산천안선,S,0252VDS18220,30,59,0252CZS010,연무IC-논산JC,20250503,17,248,3,2025-05-03 15:43:09
1540,0252,논산천안선,S,0252VDS18240,34,37,0252CZS010,연무IC-논산JC,20250503,23,115,3,2025-05-03 15:43:09
1540,0252,논산천안선,S,0252VDS18250,36,34,0252CZS010,연무IC-논산JC,20250503,25,103,3,2025-05-03 15:43:09
1540,0252,논산천안선,S,0252VDS18260,50,21,0252CZS010,연무IC-논산JC,20250503,36,97,3,2025-05-03 15:43:09
1540,0252,논산천안선,S,0252VDS18370,36,38,0252CZS030,탄천IC-서논산IC,20250503,22,112,3,2025-05-03 15:43:09
1540,0252,논산천안선,S,0252VDS18380,32,61,0252CZS030,탄천IC-서논산IC,20250503,15,191,3,2025-05-03 15:43:09
1540,0252,논산천안선,S,0252VDS18390,38,26,0252CZS030,탄천IC-서논산IC,20250503,29,87,3,2025-05-03 15:43:09
1540,0252,논산천안선,S,0252VDS18400,16,88,0252CZS030,탄천IC-서논산IC,20250503,10,328,3,2025-05-03 15:43:09
1540,0252,논산천안선,S,0252VDS18410,10,100,0252CZS030,탄천IC-서논산IC,20250503,7,426,3,2025-05-03 15:43:09
1540,0252,논산천안선,S,0252VDS18420,32,28,0252CZS030,탄천IC-서논산IC,20250503,29,109,3,2025-05-03 15:43:09
1540,0252,논산천안선,S,0252VDS18430,40,33,0252CZS030,탄천IC-서논산IC,20250503,27,129,3,2025-05-03 15:43:09
1540,0252,논산천안선,S,0252VDS18440,26,64,0252CZS030,탄천IC-서논산IC,20250503,13,272,3,2025-05-03 15:43:09
1540,0252,논산천안선,S,0252VDS18460,60,32,0252CZS030,탄천IC-서논산IC,20250503,27,71,3,2025-05-03 15:43:09
1540,0252,논산천안선,S,0252VDS18470,16,70,0252CZS040,남공주IC-탄천IC,20250503,13,418,3,2025-05-03 15:43:09
1540,0252,논산천안선,S,0252VDS18770,52,32,0252CZS070,정안IC-북공주JC,20250503,27,98,3,2025-05-03 15:43:09
1540,0252,논산천안선,S,0252VDS18810,38,47,0252CZS070,정안IC-북공주JC,20250503,19,199,3,2025-05-03 15:43:09
1540,0252,논산천안선,S,0252VDS18820,36,42,0252CZS070,정안IC-북공주JC,20250503,24,136,3,2025-05-03 15:43:09
1540,0252,논산천안선,S,0252VDS18830,56,23,0252CZS070,정안IC-북공주JC,20250503,39,75,3,2025-05-03 15:43:09
1540,0252,논산천안선,S,0252VDS18900,30,26,0252CZS080,남풍세IC-정안IC,20250503,31,41,3,2025-05-03 15:43:09
1540,0252,논산천안선,S,0252VDS18940,32,24,0252CZS080,남풍세IC-정안IC,20250503,38,26,3,2025-05-03 15:43:09
1540,0252,논산천안선,S,0252VDS18950,28,22,0252CZS080,남풍세IC-정안IC,20250503,37,38,3,2025-05-03 15:43:09
1540,0252,논산천안선,S,0252VDS18960,32,34,0252CZS080,남풍세IC-정안IC,20250503,26,54,3,2025-05-03 15:43:09
1540,0252,논산천안선,S,0252VDS18970,30,29,0252CZS080,남풍세IC-정안IC,20250503,29,32,3,2025-05-03 15:43:09
1540,0252,논산천안선,S,0252VDS18980,30,55,0252CZS080,남풍세IC-정안IC,20250503,17,93,3,2025-05-03 15:43:09
1540,0252,논산천안선,S,0252VDS18990,34,38,0252CZS080,남풍세IC-정안IC,20250503,21,93,3,2025-05-03 15:43:09
1540,0252,논산천안선,S,0252VDS19000,48,41,0252CZS080,남풍세IC-정안IC,20250503,21,113,3,2025-05-03 15:43:09
1540,0252,논산천안선,S,0252VDS19010,36,26,0252CZS080,남풍세IC-정안IC,20250503,30,109,3,2025-05-03 15:43:09
1540,0252,논산천안선,S,0252VDS19020,32,36,0252CZS080,남풍세IC-정안IC,20250503,27,126,3,2025-05-03 15:43:09
1540,0252,논산천안선,S,0252VDS19030,28,73,0252CZS080,남풍세IC-정안IC,20250503,14,235,3,2025-05-03 15:43:09
1540,0252,논산천안선,S,0252VDS19040,36,29,0252CZS080,남풍세IC-정안IC,20250503,30,131,3,2025-05-03 15:43:09
1540,0252,논산천안선,S,0252VDS19050,44,63,0252CZS080,남풍세IC-정안IC,20250503,17,134,3,2025-05-03 15:43:09
1540,0252,논산천안선,S,0252VDS19060,18,95,0252CZS085,남천안IC-남풍세IC,20250503,9,410,3,2025-05-03 15:43:09
1540,0252,논산천안선,S,0252VDS19070,18,86,0252CZS085,남천안IC-남풍세IC,20250503,10,409,3,2025-05-03 15:43:09
1540,0252,논산천안선,S,0252VDS19080,26,69,0252CZS085,남천안IC-남풍세IC,20250503,12,490,3,2025-05-03 15:43:09
1540,0252,논산천안선,S,0252VDS19090,28,61,0252CZS090,천안JC-남천안IC,20250503,16,148,3,2025-05-03 15:43:09
1540,0270,순천완주선,S,0270VDS05731,29,19,0270CZS100,상관IC-임실IC,20250503,24,348,3,2025-05-03 15:43:09
1540,0270,순천완주선,S,0270VDS05800,29,21,0270CZS100,상관IC-임실IC,20250503,22,230,3,2025-05-03 15:43:09
1540,0290,세종포천선,E,0290VDE07000,12,5,0290CZE010,남안성IC-안성맞춤IC,20250503,21,190,3,2025-05-03 15:43:09
1540,0290,세종포천선,E,0290VDE12100,37,8,0290CZE100,초이IC-강동고덕IC,20250503,39,69,3,2025-05-03 15:43:09
1540,0290,세종포천선,S,0290VDS12200,37,9,0290CZS100,강동고덕IC-초이IC,20250503,29,103,3,2025-05-03 15:43:09
1540,0290,세종포천선,S,0290VDS12300,19,8,0290CZS100,강동고덕IC-초이IC,20250503,31,109,3,2025-05-03 15:43:09
1540,0300,청주영덕선,E,0300VDE01000,39,27,0300CZE140,문의청남대IC-회인IC,20250503,25,316,3,2025-05-03 15:43:09
1540,0301,당진대전선,E,0301VDE08400,21,39,0301CZE120,남세종IC-유성JC,20250503,14,269,3,2025-05-03 15:43:09
1540,0301,당진대전선,E,0301VDE08500,21,13,0301CZE120,남세종IC-유성JC,20250503,33,172,3,2025-05-03 15:43:09
1540,0301,당진대전선,E,0301VDE08700,21,13,0301CZE120,남세종IC-유성JC,20250503,33,227,3,2025-05-03 15:43:09
1540,0351,통영대전선,E,0351VDE04100,42,42,0351CZE060,진주JC-서진주IC,20250503,32,139,3,2025-05-03 15:43:09
1540,0351,통영대전선,E,0351VDE04300,42,42,0351CZE060,진주JC-서진주IC,20250503,32,244,3,2025-05-03 15:43:09
1540,0351,통영대전선,S,0351VDS11200,37,21,0351CZS130,장수JC-서상IC,20250503,30,302,3,2025-05-03 15:43:09
1540,0351,통영대전선,S,0351VDS11223,37,21,0351CZS130,장수JC-서상IC,20250503,30,306,3,2025-05-03 15:43:09
1540,0351,통영대전선,S,0351VDS11228,37,21,0351CZS130,장수JC-서상IC,20250503,30,225,3,2025-05-03 15:43:09
1540,0351,통영대전선,S,0351VDS14300,45,18,0351CZS160,금산IC-무주IC,20250503,37,214,3,2025-05-03 15:43:09
1540,0352,중부선,E,0352VDE00400,42,22,0352CZE285,청주강서Hi-서청주IC,20250503,37,183,3,2025-05-03 15:43:09
1540,0352,중부선,E,0352VDE00600,43,28,0352CZE285,청주강서Hi-서청주IC,20250503,33,120,3,2025-05-03 15:43:09
1540,0352,중부선,E,0352VDE00700,38,34,0352CZE290,서청주IC-오창IC,20250503,23,157,3,2025-05-03 15:43:09
1540,0352,중부선,E,0352VDE00800,46,24,0352CZE290,서청주IC-오창IC,20250503,35,95,3,2025-05-03 15:43:09
1540,0352,중부선,E,0352VDE01600,30,25,0352CZE300,오창IC-오창JC,20250503,21,172,3,2025-05-03 15:43:09
1540,0352,중부선,E,0352VDE01700,30,25,0352CZE300,오창IC-오창JC,20250503,21,180,3,2025-05-03 15:43:09
1540,0352,중부선,E,0352VDE01800,48,23,0352CZE305,오창JC-증평IC,20250503,40,89,2,2025-05-03 15:43:09
1540,0352,중부선,S,0352VDS00200,38,30,0352CZS280,청주강서Hi-남이JC,20250503,33,109,3,2025-05-03 15:43:09
1540,0352,중부선,S,0352VDS00400,38,22,0352CZS285,서청주IC-청주강서Hi,20250503,31,218,3,2025-05-03 15:43:09
1540,0352,중부선,S,0352VDS00500,35,16,0352CZS285,서청주IC-청주강서Hi,20250503,40,83,2,2025-05-03 15:43:09
1540,0352,중부선,S,0352VDS00600,37,29,0352CZS285,서청주IC-청주강서Hi,20250503,29,138,3,2025-05-03 15:43:09
1540,0352,중부선,S,0352VDS00700,26,19,0352CZS290,오창IC-서청주IC,20250503,40,91,2,2025-05-03 15:43:09
1540,0352,중부선,S,0352VDS00800,25,39,0352CZS290,오창IC-서청주IC,20250503,19,111,3,2025-05-03 15:43:09
1540,0352,중부선,S,0352VDS02600,39,22,0352CZS310,진천IC-증평IC,20250503,35,102,3,2025-05-03 15:43:09
1540,0352,중부선,S,0352VDS03000,37,35,0352CZS310,진천IC-증평IC,20250503,31,120,3,2025-05-03 15:43:09
1540,0352,중부선,S,0352VDS03300,34,40,0352CZS310,진천IC-증평IC,20250503,32,83,3,2025-05-03 15:43:09
1540,0352,중부선,S,0352VDS03400,34,40,0352CZS310,진천IC-증평IC,20250503,32,61,3,2025-05-03 15:43:09
1540,0352,중부선,S,0352VDS03650,14,7,0352CZS320,대소JC-진천IC,20250503,31,73,3,2025-05-03 15:43:09
1540,0352,중부선,S,0352VDS03700,43,39,0352CZS320,대소JC-진천IC,20250503,26,187,3,2025-05-03 15:43:09
1540,0352,중부선,S,0352VDS06550,44,4,0352CZS350,남이천IC-일죽IC,20250503,36,210,3,2025-05-03 15:43:09
1540,0352,중부선,S,0352VDS06600,42,4,0352CZS355,호법JC-남이천IC,20250503,32,94,3,2025-05-03 15:43:09
1540,0352,중부선,S,0352VDS06700,34,8,0352CZS355,호법JC-남이천IC,20250503,20,261,3,2025-05-03 15:43:09
1540,0352,중부선,S,0352VDS06800,41,8,0352CZS355,호법JC-남이천IC,20250503,21,227,3,2025-05-03 15:43:09
1540,0352,중부선,S,0352VDS06900,43,5,0352CZS355,호법JC-남이천IC,20250503,33,100,3,2025-05-03 15:43:09
1540,0352,중부선,S,0352VDS07000,22,51,0352CZS355,호법JC-남이천IC,20250503,12,436,3,2025-05-03 15:43:09
1540,0352,중부선,S,0352VDS07100,31,49,0352CZS360,마장JC-호법JC,20250503,25,165,3,2025-05-03 15:43:09
1540,0352,중부선,S,0352VDS10100,73,29,0352CZS420,하남IC-동서울TG,20250503,31,114,3,2025-05-03 15:43:09
1540,0352,중부선,S,0352VDS10200,75,44,0352CZS430,하남JC-하남IC,20250503,20,255,3,2025-05-03 15:43:09
1540,0352,중부선,S,0352VDS10300,75,44,0352CZS430,하남JC-하남IC,20250503,20,165,3,2025-05-03 15:43:09
1540,0400,평택제천선,E,0400VDE00400,52,1,0400CZE020,청북IC-평택JC,20250503,28,107,3,2025-05-03 15:43:09
1540,0400,평택제천선,E,0400VDE00450,52,1,0400CZE020,청북IC-평택JC,20250503,28,56,3,2025-05-03 15:43:09
1540,0400,평택제천선,E,0400VDE00500,52,1,0400CZE020,청북IC-평택JC,20250503,28,151,3,2025-05-03 15:43:09
1540,0400,평택제천선,E,0400VDE03800,16,54,0400CZE070,남안성IC-남안성JC,20250503,7,849,3,2025-05-03 15:43:09
1540,0400,평택제천선,E,0400VDE04000,16,54,0400CZE070,남안성IC-남안성JC,20250503,7,753,3,2025-05-03 15:43:09
1540,0400,평택제천선,E,0400VDE04100,16,54,0400CZE070,남안성IC-남안성JC,20250503,7,616,3,2025-05-03 15:43:09
1540,0400,평택제천선,E,0400VDE04300,40,41,0400CZE075,남안성JC-북진천IC,20250503,21,196,3,2025-05-03 15:43:09
1540,0400,평택제천선,E,0400VDE04700,42,29,0400CZE075,남안성JC-북진천IC,20250503,28,279,3,2025-05-03 15:43:09
1540,0400,평택제천선,E,0400VDE05500,41,32,0400CZE090,대소JC-금왕꽃동네IC,20250503,24,268,3,2025-05-03 15:43:09
1540,0400,평택제천선,E,0400VDE05700,34,30,0400CZE090,대소JC-금왕꽃동네IC,20250503,20,264,3,2025-05-03 15:43:09
1540,0400,평택제천선,E,0400VDE05900,43,17,0400CZE090,대소JC-금왕꽃동네IC,20250503,40,263,2,2025-05-03 15:43:09
1540,0400,평택제천선,E,0400VDE06100,43,27,0400CZE095,금왕꽃동네IC-음성IC,20250503,27,189,3,2025-05-03 15:43:09
1540,0400,평택제천선,E,0400VDE09302,24,30,0400CZE140,동충주IC-제천JC,20250503,19,177,3,2025-05-03 15:43:09
1540,0400,평택제천선,E,0400VDE09402,32,30,0400CZE140,동충주IC-제천JC,20250503,6,526,3,2025-05-03 15:43:09
1540,0400,평택제천선,E,0400VDE09404,32,30,0400CZE140,동충주IC-제천JC,20250503,6,603,3,2025-05-03 15:43:09
1540,0400,평택제천선,E,0400VDE09406,17,33,0400CZE140,동충주IC-제천JC,20250503,2,1753,3,2025-05-03 15:43:09
1540,0400,평택제천선,E,0400VDE09408,32,30,0400CZE140,동충주IC-제천JC,20250503,14,280,3,2025-05-03 15:43:09
1540,0400,평택제천선,E,0400VDE09410,34,34,0400CZE140,동충주IC-제천JC,20250503,14,282,3,2025-05-03 15:43:09
1540,0400,평택제천선,E,0400VDE09500,38,29,0400CZE140,동충주IC-제천JC,20250503,10,957,3,2025-05-03 15:43:09
1540,0450,중부내륙선,E,0450VDE01700,33,32,0450CZE040,남지IC-영산IC,20250503,37,91,3,2025-05-03 15:43:09
1540,0450,중부내륙선,E,0450VDE01800,33,32,0450CZE040,남지IC-영산IC,20250503,37,91,3,2025-05-03 15:43:09
1540,0450,중부내륙선,E,0450VDE02000,24,10,0450CZE040,남지IC-영산IC,20250503,21,144,3,2025-05-03 15:43:09
1540,0450,중부내륙선,E,0450VDE02100,10,5,0450CZE050,영산IC-창녕JC,20250503,17,421,3,2025-05-03 15:43:09
1540,0450,중부내륙선,E,0450VDE02200,12,9,0450CZE055,창녕JC-창녕IC,20250503,19,294,3,2025-05-03 15:43:09
1540,0450,중부내륙선,E,0450VDE02400,38,42,0450CZE055,창녕JC-창녕IC,20250503,22,150,3,2025-05-03 15:43:09
1540,0450,중부내륙선,E,0450VDE03900,44,36,0450CZE060,창녕IC-현풍JC,20250503,31,121,3,2025-05-03 15:43:09
1540,0450,중부내륙선,E,0450VDE04000,44,36,0450CZE060,창녕IC-현풍JC,20250503,31,133,3,2025-05-03 15:43:09
1540,0450,중부내륙선,E,0450VDE11100,34,30,0450CZE130,선산IC-낙동JC,20250503,27,156,3,2025-05-03 15:43:09
1540,0450,중부내륙선,E,0450VDE11200,34,30,0450CZE130,선산IC-낙동JC,20250503,27,149,3,2025-05-03 15:43:09
1540,0450,중부내륙선,E,0450VDE11300,46,35,0450CZE130,선산IC-낙동JC,20250503,23,182,3,2025-05-03 15:43:09
1540,0450,중부내륙선,E,0450VDE11301,38,23,0450CZE130,선산IC-낙동JC,20250503,26,95,3,2025-05-03 15:43:09
1540,0450,중부내륙선,E,0450VDE11400,38,23,0450CZE130,선산IC-낙동JC,20250503,26,156,3,2025-05-03 15:43:09
1540,0450,중부내륙선,E,0450VDE14000,36,31,0450CZE160,북상주IC-점촌함창IC,20250503,28,154,3,2025-05-03 15:43:09
1540,0450,중부내륙선,E,0450VDE14100,36,31,0450CZE160,북상주IC-점촌함창IC,20250503,28,127,3,2025-05-03 15:43:09
1540,0450,중부내륙선,E,0450VDE14200,36,31,0450CZE160,북상주IC-점촌함창IC,20250503,28,121,3,2025-05-03 15:43:09
1540,0450,중부내륙선,E,0450VDE15200,42,22,0450CZE170,점촌함창IC-문경새재IC,20250503,31,92,3,2025-05-03 15:43:09
1540,0450,중부내륙선,E,0450VDE15300,42,22,0450CZE170,점촌함창IC-문경새재IC,20250503,31,127,3,2025-05-03 15:43:09
1540,0450,중부내륙선,E,0450VDE15400,47,17,0450CZE170,점촌함창IC-문경새재IC,20250503,40,93,2,2025-05-03 15:43:09
1540,0450,중부내륙선,E,0450VDE19500,33,34,0450CZE220,북충주IC-충주JC,20250503,25,251,3,2025-05-03 15:43:09
1540,0450,중부내륙선,E,0450VDE19600,36,26,0450CZE220,북충주IC-충주JC,20250503,36,88,3,2025-05-03 15:43:09
1540,0450,중부내륙선,E,0450VDE19800,32,37,0450CZE220,북충주IC-충주JC,20250503,26,117,3,2025-05-03 15:43:09
1540,0450,중부내륙선,E,0450VDE19900,32,37,0450CZE220,북충주IC-충주JC,20250503,26,110,3,2025-05-03 15:43:09
1540,0450,중부내륙선,E,0450VDE20000,44,24,0450CZE225,충주JC-감곡IC,20250503,40,89,2,2025-05-03 15:43:09
1540,0450,중부내륙선,E,0450VDE20100,44,24,0450CZE225,충주JC-감곡IC,20250503,40,76,2,2025-05-03 15:43:09
1540,0450,중부내륙선,E,0450VDE21000,30,46,0450CZE225,충주JC-감곡IC,20250503,19,254,3,2025-05-03 15:43:09
1540,0450,중부내륙선,E,0450VDE21100,42,39,0450CZE230,감곡IC-여주JC,20250503,25,85,3,2025-05-03 15:43:09
1540,0450,중부내륙선,E,0450VDE21900,40,42,0450CZE230,감곡IC-여주JC,20250503,25,126,3,2025-05-03 15:43:09
1540,0450,중부내륙선,S,0450VDS03000,37,30,0450CZS055,창녕IC-창녕JC,20250503,25,203,3,2025-05-03 15:43:09
1540,0450,중부내륙선,S,0450VDS03100,31,40,0450CZS060,현풍JC-창녕IC,20250503,20,144,3,2025-05-03 15:43:09
1540,0450,중부내륙선,S,0450VDS03200,31,40,0450CZS060,현풍JC-창녕IC,20250503,20,269,3,2025-05-03 15:43:09
1540,0450,중부내륙선,S,0450VDS04100,30,50,0450CZS060,현풍JC-창녕IC,20250503,14,320,3,2025-05-03 15:43:09
1540,0450,중부내륙선,S,0450VDS04200,30,50,0450CZS060,현풍JC-창녕IC,20250503,14,307,3,2025-05-03 15:43:09
1540,0450,중부내륙선,S,0450VDS04300,25,58,0450CZS060,현풍JC-창녕IC,20250503,10,829,3,2025-05-03 15:43:09
1540,0450,중부내륙선,S,0450VDS11305,55,24,0450CZS130,낙동JC-선산IC,20250503,40,53,2,2025-05-03 15:43:09
1540,0450,중부내륙선,S,0450VDS11306,55,24,0450CZS130,낙동JC-선산IC,20250503,40,53,2,2025-05-03 15:43:09
1540,0450,중부내륙선,S,0450VDS12200,47,30,0450CZS140,상주IC-낙동JC,20250503,30,110,3,2025-05-03 15:43:09
1540,0450,중부내륙선,S,0450VDS12300,47,30,0450CZS140,상주IC-낙동JC,20250503,30,116,3,2025-05-03 15:43:09
1540,0450,중부내륙선,S,0450VDS14000,20,11,0450CZS160,점촌함창IC-북상주IC,20250503,29,147,3,2025-05-03 15:43:09
1540,0450,중부내륙선,S,0450VDS14100,20,11,0450CZS160,점촌함창IC-북상주IC,20250503,29,121,3,2025-05-03 15:43:09
1540,0450,중부내륙선,S,0450VDS14200,20,11,0450CZS160,점촌함창IC-북상주IC,20250503,29,115,3,2025-05-03 15:43:09
1540,0450,중부내륙선,S,0450VDS15500,40,24,0450CZS170,문경새재IC-점촌함창IC,20250503,29,103,3,2025-05-03 15:43:09
1540,0450,중부내륙선,S,0450VDS15550,40,24,0450CZS170,문경새재IC-점촌함창IC,20250503,29,97,3,2025-05-03 15:43:09
1540,0450,중부내륙선,S,0450VDS16200,28,25,0450CZS180,연풍IC-문경새재IC,20250503,24,178,3,2025-05-03 15:43:09
1540,0450,중부내륙선,S,0450VDS16201,28,25,0450CZS180,연풍IC-문경새재IC,20250503,24,167,3,2025-05-03 15:43:09
1540,0450,중부내륙선,S,0450VDS16203,28,25,0450CZS180,연풍IC-문경새재IC,20250503,24,142,3,2025-05-03 15:43:09
1540,0450,중부내륙선,S,0450VDS16300,23,24,0450CZS180,연풍IC-문경새재IC,20250503,12,277,3,2025-05-03 15:43:09
1540,0450,중부내륙선,S,0450VDS16301,23,24,0450CZS180,연풍IC-문경새재IC,20250503,12,223,3,2025-05-03 15:43:09
1540,0450,중부내륙선,S,0450VDS16302,23,32,0450CZS180,연풍IC-문경새재IC,20250503,21,143,3,2025-05-03 15:43:09
1540,0450,중부내륙선,S,0450VDS16304,34,31,0450CZS180,연풍IC-문경새재IC,20250503,22,128,3,2025-05-03 15:43:09
1540,0450,중부내륙선,S,0450VDS16306,13,39,0450CZS180,연풍IC-문경새재IC,20250503,21,131,3,2025-05-03 15:43:09
1540,0450,중부내륙선,S,0450VDS16308,25,51,0450CZS180,연풍IC-문경새재IC,20250503,10,255,3,2025-05-03 15:43:09
1540,0450,중부내륙선,S,0450VDS16309,40,19,0450CZS180,연풍IC-문경새재IC,20250503,37,72,3,2025-05-03 15:43:09
1540,0450,중부내륙선,S,0450VDS16400,40,19,0450CZS180,연풍IC-문경새재IC,20250503,37,85,3,2025-05-03 15:43:09
1540,0450,중부내륙선,S,0450VDS21700,23,19,0450CZS230,여주JC-감곡IC,20250503,24,162,3,2025-05-03 15:43:09
1540,0450,중부내륙선,S,0450VDS21900,37,47,0450CZS230,여주JC-감곡IC,20250503,21,151,3,2025-05-03 15:43:09
1540,0450,중부내륙선,S,0450VDS22200,26,28,0450CZS230,여주JC-감곡IC,20250503,21,153,3,2025-05-03 15:43:09
1540,0450,중부내륙선,S,0450VDS22300,52,40,0450CZS230,여주JC-감곡IC,20250503,26,132,3,2025-05-03 15:43:09
1540,0450,중부내륙선,S,0450VDS22400,27,51,0450CZS230,여주JC-감곡IC,20250503,20,159,3,2025-05-03 15:43:09
1540,0450,중부내륙선,S,0450VDS22500,42,50,0450CZS230,여주JC-감곡IC,20250503,21,214,3,2025-05-03 15:43:09
1540,0450,중부내륙선,S,0450VDS22600,18,43,0450CZS240,남여주IC-여주JC,20250503,9,408,3,2025-05-03 15:43:09
1540,0450,중부내륙선,S,0450VDS22650,18,43,0450CZS240,남여주IC-여주JC,20250503,9,519,3,2025-05-03 15:43:09
1540,0500,영동선,E,0500VDE04101,35,33,0500CZE120,신갈JC-마성IC,20250503,11,189,3,2025-05-03 15:43:09
1540,0500,영동선,E,0500VDE04102,30,23,0500CZE120,신갈JC-마성IC,20250503,21,16,3,2025-05-03 15:43:09
1540,0500,영동선,E,0500VDE04105,29,41,0500CZE130,마성IC-서용인JC,20250503,9,286,3,2025-05-03 15:43:09
1540,0500,영동선,E,0500VDE04106,29,41,0500CZE130,마성IC-서용인JC,20250503,9,304,3,2025-05-03 15:43:09
1540,0500,영동선,E,0500VDE04200,32,8,0500CZE135,서용인JC-용인IC,20250503,27,103,3,2025-05-03 15:43:09
1540,0500,영동선,E,0500VDE04425,32,8,0500CZE135,서용인JC-용인IC,20250503,27,91,3,2025-05-03 15:43:09
1540,0500,영동선,E,0500VDE07200,69,32,0500CZE180,이천IC-여주JC,20250503,19,239,3,2025-05-03 15:43:09
1540,0500,영동선,E,0500VDE07300,69,32,0500CZE180,이천IC-여주JC,20250503,19,172,3,2025-05-03 15:43:09
1540,0500,영동선,E,0500VDE07400,71,38,0500CZE180,이천IC-여주JC,20250503,19,175,3,2025-05-03 15:43:09
1540,0500,영동선,E,0500VDE07500,71,38,0500CZE180,이천IC-여주JC,20250503,19,184,3,2025-05-03 15:43:09
1540,0500,영동선,E,0500VDE07600,38,17,0500CZE180,이천IC-여주JC,20250503,23,156,3,2025-05-03 15:43:09
1540,0500,영동선,E,0500VDE07800,53,26,0500CZE180,이천IC-여주JC,20250503,38,98,3,2025-05-03 15:43:09
1540,0500,영동선,E,0500VDE07900,53,26,0500CZE180,이천IC-여주JC,20250503,38,126,3,2025-05-03 15:43:09
1540,0500,영동선,E,0500VDE10300,20,16,0500CZE210,문막IC-만종JC,20250503,21,139,3,2025-05-03 15:43:09
1540,0500,영동선,E,0500VDE10400,45,28,0500CZE210,문막IC-만종JC,20250503,33,191,3,2025-05-03 15:43:09
1540,0500,영동선,E,0500VDE10800,31,44,0500CZE225,원주JC-원주IC,20250503,21,118,3,2025-05-03 15:43:09
1540,0500,영동선,E,0500VDE10900,31,44,0500CZE225,원주JC-원주IC,20250503,21,228,3,2025-05-03 15:43:09
1540,0500,영동선,E,0500VDE11000,31,44,0500CZE225,원주JC-원주IC,20250503,21,127,3,2025-05-03 15:43:09
1540,0500,영동선,E,0500VDE12000,50,35,0500CZE230,원주IC-새말IC,20250503,27,122,3,2025-05-03 15:43:09
1540,0500,영동선,E,0500VDE12100,39,32,0500CZE230,원주IC-새말IC,20250503,29,150,3,2025-05-03 15:43:09
1540,0500,영동선,E,0500VDE12200,43,24,0500CZE230,원주IC-새말IC,20250503,33,133,3,2025-05-03 15:43:09
1540,0500,영동선,E,0500VDE13200,19,55,0500CZE240,새말IC-둔내IC,20250503,11,468,3,2025-05-03 15:43:09
1540,0500,영동선,E,0500VDE13400,24,25,0500CZE240,새말IC-둔내IC,20250503,26,122,3,2025-05-03 15:43:09
1540,0500,영동선,E,0500VDE13500,48,21,0500CZE240,새말IC-둔내IC,20250503,39,81,3,2025-05-03 15:43:09
1540,0500,영동선,E,0500VDE14400,27,46,0500CZE250,둔내IC-동둔내Hi,20250503,20,179,3,2025-05-03 15:43:09
1540,0500,영동선,E,0500VDE14500,27,46,0500CZE250,둔내IC-동둔내Hi,20250503,20,170,3,2025-05-03 15:43:09
1540,0500,영동선,E,0500VDE14600,27,46,0500CZE250,둔내IC-동둔내Hi,20250503,20,134,3,2025-05-03 15:43:09
1540,0500,영동선,E,0500VDE15101,43,23,0500CZE260,면온IC-평창IC,20250503,40,61,2,2025-05-03 15:43:09
1540,0500,영동선,E,0500VDE15200,43,23,0500CZE260,면온IC-평창IC,20250503,40,63,2,2025-05-03 15:43:09
1540,0500,영동선,E,0500VDE15700,29,56,0500CZE270,평창IC-속사IC,20250503,12,264,3,2025-05-03 15:43:09
1540,0500,영동선,E,0500VDE15800,29,56,0500CZE270,평창IC-속사IC,20250503,12,264,3,2025-05-03 15:43:09
1540,0500,영동선,E,0500VDE15900,39,23,0500CZE270,평창IC-속사IC,20250503,39,126,3,2025-05-03 15:43:09
1540,0500,영동선,E,0500VDE16000,36,44,0500CZE270,평창IC-속사IC,20250503,19,273,3,2025-05-03 15:43:09
1540,0500,영동선,E,0500VDE16300,34,42,0500CZE270,평창IC-속사IC,20250503,25,129,3,2025-05-03 15:43:09
1540,0500,영동선,S,0500VDS03000,55,0,0500CZS100,동수원IC-북수원IC,20250503,23,74,3,2025-05-03 15:43:09
1540,0500,영동선,S,0500VDS03100,55,0,0500CZS100,동수원IC-북수원IC,20250503,23,171,3,2025-05-03 15:43:09
1540,0520,광주원주선,E,0520VDE00100,40,22,0520CZE090,경기광주JC-곤지암1터널,20250503,30,341,3,2025-05-03 15:43:09
1540,0520,광주원주선,E,0520VDE01300,20,44,0520CZE110,동곤지암IC-흥천이포IC,20250503,9,359,3,2025-05-03 15:43:09
1540,0520,광주원주선,E,0520VDE01500,36,25,0520CZE110,동곤지암IC-흥천이포IC,20250503,21,116,3,2025-05-03 15:43:09
1540,0520,광주원주선,E,0520VDE01600,38,22,0520CZE110,동곤지암IC-흥천이포IC,20250503,33,64,3,2025-05-03 15:43:09
1540,0520,광주원주선,E,0520VDE01800,26,46,0520CZE110,동곤지암IC-흥천이포IC,20250503,7,447,3,2025-05-03 15:43:09
1540,0520,광주원주선,E,0520VDE01900,42,21,0520CZE110,동곤지암IC-흥천이포IC,20250503,33,117,3,2025-05-03 15:43:09
1540,0520,광주원주선,E,0520VDE02000,30,36,0520CZE110,동곤지암IC-흥천이포IC,20250503,17,306,3,2025-05-03 15:43:09
1540,0520,광주원주선,E,0520VDE02100,24,35,0520CZE120,흥천이포IC-대신IC,20250503,16,129,3,2025-05-03 15:43:09
1540,0520,광주원주선,E,0520VDE02200,36,26,0520CZE120,흥천이포IC-대신IC,20250503,28,136,3,2025-05-03 15:43:09
1540,0520,광주원주선,E,0520VDE02600,44,27,0520CZE130,대신IC-동여주IC,20250503,28,57,3,2025-05-03 15:43:09
1540,0520,광주원주선,E,0520VDE02700,38,29,0520CZE130,대신IC-동여주IC,20250503,23,124,3,2025-05-03 15:43:09
1540,0520,광주원주선,E,0520VDE02900,38,20,0520CZE130,대신IC-동여주IC,20250503,35,92,3,2025-05-03 15:43:09
1540,0520,광주원주선,E,0520VDE03900,44,20,0520CZE140,동여주IC-동양평IC,20250503,39,91,3,2025-05-03 15:43:09
1540,0520,광주원주선,E,0520VDE04600,36,25,0520CZE150,동양평IC-서원주IC,20250503,29,93,3,2025-05-03 15:43:09
1540,0520,광주원주선,E,0520VDE04700,38,19,0520CZE150,동양평IC-서원주IC,20250503,34,28,3,2025-05-03 15:43:09
1540,0520,광주원주선,E,0520VDE04800,36,15,0520CZE150,동양평IC-서원주IC,20250503,39,64,3,2025-05-03 15:43:09
1540,0520,광주원주선,E,0520VDE05000,38,21,0520CZE150,동양평IC-서원주IC,20250503,37,66,3,2025-05-03 15:43:09
1540,0520,광주원주선,E,0520VDE05100,34,30,0520CZE150,동양평IC-서원주IC,20250503,23,123,3,2025-05-03 15:43:09
1540,0520,광주원주선,E,0520VDE05200,38,22,0520CZE150,동양평IC-서원주IC,20250503,29,97,3,2025-05-03 15:43:09
1540,0520,광주원주선,E,0520VDE05300,34,23,0520CZE150,동양평IC-서원주IC,20250503,27,100,3,2025-05-03 15:43:09
1540,0520,광주원주선,E,0520VDE05400,40,19,0520CZE150,동양평IC-서원주IC,20250503,38,64,3,2025-05-03 15:43:09
1540,0520,광주원주선,S,0520VDS00800,38,18,0520CZS100,동곤지암IC-곤지암1터널,20250503,36,87,3,2025-05-03 15:43:09
1540,0550,중앙선,E,0550VDE01700,38,27,0550CZE145,동명동호IC-다부IC,20250503,23,178,3,2025-05-03 15:43:09
1540,0550,중앙선,E,0550VDE01800,38,27,0550CZE145,동명동호IC-다부IC,20250503,23,185,3,2025-05-03 15:43:09
1540,0550,중앙선,E,0550VDE01900,41,21,0550CZE145,동명동호IC-다부IC,20250503,30,146,3,2025-05-03 15:43:09
1540,0550,중앙선,E,0550VDE02000,40,23,0550CZE145,동명동호IC-다부IC,20250503,27,132,3,2025-05-03 15:43:09
1540,0550,중앙선,E,0550VDE02100,38,30,0550CZE145,동명동호IC-다부IC,20250503,23,113,3,2025-05-03 15:43:09
1540,0550,중앙선,S,0550VDS00400,60,26,0550CZS040,대감JC-대동IC,20250503,31,235,3,2025-05-03 15:43:09
1540,0550,중앙선,S,0550VDS12500,23,24,0550CZS230,단양IC-풍기IC,20250503,11,614,3,2025-05-03 15:43:09
1540,0550,중앙선,S,0550VDS14503,35,24,0550CZS250,남제천IC-북단양IC,20250503,32,82,3,2025-05-03 15:43:09
1540,0550,중앙선,S,0550VDS14505,35,24,0550CZS250,남제천IC-북단양IC,20250503,32,121,3,2025-05-03 15:43:09
1540,0550,중앙선,S,0550VDS14600,35,24,0550CZS250,남제천IC-북단양IC,20250503,32,158,3,2025-05-03 15:43:09
1540,0552,대구부산선,E,0552VDE01180,44,30,0552CZE080,남밀양IC-밀양IC,20250503,25,167,3,2025-05-03 15:43:09
1540,0552,대구부산선,E,0552VDE01190,23,45,0552CZE085,밀양IC-밀양JC,20250503,8,321,3,2025-05-03 15:43:09
1540,0552,대구부산선,E,0552VDE01210,26,34,0552CZE090,밀양JC-청도IC,20250503,12,231,3,2025-05-03 15:43:09
1540,0552,대구부산선,E,0552VDE01220,40,38,0552CZE090,밀양JC-청도IC,20250503,18,67,3,2025-05-03 15:43:09
1540,0552,대구부산선,E,0552VDE01230,41,32,0552CZE090,밀양JC-청도IC,20250503,22,47,3,2025-05-03 15:43:09
1540,0552,대구부산선,E,0552VDE01240,41,17,0552CZE090,밀양JC-청도IC,20250503,39,22,3,2025-05-03 15:43:09
1540,0552,대구부산선,E,0552VDE01620,38,21,0552CZE100,청도IC-수성IC,20250503,33,42,3,2025-05-03 15:43:09
1540,0552,대구부산선,S,0552VDS01430,39,18,0552CZS090,청도IC-밀양JC,20250503,35,92,3,2025-05-03 15:43:09
1540,0552,대구부산선,S,0552VDS01440,38,35,0552CZS090,청도IC-밀양JC,20250503,18,102,3,2025-05-03 15:43:09
1540,0552,대구부산선,S,0552VDS01450,42,29,0552CZS090,청도IC-밀양JC,20250503,23,97,3,2025-05-03 15:43:09
1540,0552,대구부산선,S,0552VDS01460,39,33,0552CZS090,청도IC-밀양JC,20250503,20,138,3,2025-05-03 15:43:09
1540,0552,대구부산선,S,0552VDS01470,27,47,0552CZS090,청도IC-밀양JC,20250503,12,204,3,2025-05-03 15:43:09
1540,0552,대구부산선,S,0552VDS01480,20,50,0552CZS090,청도IC-밀양JC,20250503,21,139,3,2025-05-03 15:43:09
1540,0552,대구부산선,S,0552VDS01490,36,23,0552CZS090,청도IC-밀양JC,20250503,25,146,3,2025-05-03 15:43:09
1540,0552,대구부산선,S,0552VDS01500,28,39,0552CZS090,청도IC-밀양JC,20250503,13,252,3,2025-05-03 15:43:09
1540,0552,대구부산선,S,0552VDS01860,39,31,0552CZS110,동대구IC-수성IC,20250503,24,140,3,2025-05-03 15:43:09
1540,0552,대구부산선,S,0552VDS01870,40,31,0552CZS120,동대구JC-동대구IC,20250503,22,90,3,2025-05-03 15:43:09
1540,0600,서울양양선,E,0600VDE00003,18,27,0600CZE040,덕소삼패IC-남양주TG,20250503,16,257,3,2025-05-03 15:43:09
1540,0600,서울양양선,E,0600VDE00005,51,42,0600CZE040,덕소삼패IC-남양주TG,20250503,29,136,3,2025-05-03 15:43:09
1540,0600,서울양양선,E,0600VDE00007,51,39,0600CZE050,남양주TG-화도IC,20250503,20,328,3,2025-05-03 15:43:09
1540,0600,서울양양선,E,0600VDE00008,51,41,0600CZE050,남양주TG-화도IC,20250503,18,281,3,2025-05-03 15:43:09
1540,0600,서울양양선,E,0600VDE00009,26,39,0600CZE050,남양주TG-화도IC,20250503,19,415,3,2025-05-03 15:43:09
1540,0600,서울양양선,E,0600VDE00010,26,39,0600CZE050,남양주TG-화도IC,20250503,19,263,3,2025-05-03 15:43:09
1540,0600,서울양양선,E,0600VDE00012,55,35,0600CZE065,화도JC-서종IC,20250503,37,143,3,2025-05-03 15:43:09
1540,0600,서울양양선,E,0600VDE00016,53,46,0600CZE070,서종IC-설악IC,20250503,25,132,3,2025-05-03 15:43:09
1540,0600,서울양양선,E,0600VDE00017,53,46,0600CZE070,서종IC-설악IC,20250503,25,142,3,2025-05-03 15:43:09
1540,0600,서울양양선,E,0600VDE00018,59,41,0600CZE070,서종IC-설악IC,20250503,30,114,3,2025-05-03 15:43:09
1540,0600,서울양양선,E,0600VDE00019,65,38,0600CZE070,서종IC-설악IC,20250503,30,111,3,2025-05-03 15:43:09
1540,0600,서울양양선,E,0600VDE00100,29,33,0600CZE130,춘천JC-동홍천IC,20250503,17,249,3,2025-05-03 15:43:09
1540,0600,서울양양선,E,0600VDE00600,39,25,0600CZE140,동홍천IC-내촌IC,20250503,28,256,3,2025-05-03 15:43:09
1540,0600,서울양양선,E,0600VDE00700,39,25,0600CZE140,동홍천IC-내촌IC,20250503,28,212,3,2025-05-03 15:43:09
1540,0600,서울양양선,E,0600VDE00800,30,41,0600CZE140,동홍천IC-내촌IC,20250503,15,428,3,2025-05-03 15:43:09
1540,0600,서울양양선,E,0600VDE00850,32,33,0600CZE140,동홍천IC-내촌IC,20250503,21,316,3,2025-05-03 15:43:09
1540,0600,서울양양선,E,0600VDE00901,32,33,0600CZE140,동홍천IC-내촌IC,20250503,21,340,3,2025-05-03 15:43:09
1540,0600,서울양양선,E,0600VDE01001,39,34,0600CZE140,동홍천IC-내촌IC,20250503,22,326,3,2025-05-03 15:43:09
1540,0600,서울양양선,E,0600VDE01400,37,22,0600CZE150,내촌IC-인제IC,20250503,28,257,3,2025-05-03 15:43:09
1540,0600,서울양양선,E,0600VDE01501,31,18,0600CZE150,내촌IC-인제IC,20250503,29,233,3,2025-05-03 15:43:09
1540,0600,서울양양선,E,0600VDE01601,36,22,0600CZE150,내촌IC-인제IC,20250503,28,264,3,2025-05-03 15:43:09
1540,0600,서울양양선,S,0600VDS00001,51,32,0600CZS020,미사IC-선동IC,20250503,29,119,3,2025-05-03 15:43:09
1540,0600,서울양양선,S,0600VDS00011,38,56,0600CZS060,화도JC-화도IC,20250503,12,317,3,2025-05-03 15:43:09
1540,0600,서울양양선,S,0600VDS00014,58,36,0600CZS065,서종IC-화도JC,20250503,34,119,3,2025-05-03 15:43:09
1540,0600,서울양양선,S,0600VDS00015,49,43,0600CZS070,설악IC-서종IC,20250503,25,96,3,2025-05-03 15:43:09
1540,0600,서울양양선,S,0600VDS00016,49,43,0600CZS070,설악IC-서종IC,20250503,25,133,3,2025-05-03 15:43:09
1540,0600,서울양양선,S,0600VDS00032,42,43,0600CZS080,강촌IC-설악IC,20250503,22,305,3,2025-05-03 15:43:09
1540,0651,부산울산선,S,0651VDS00100,25,33,0651CZS010,동부산IC-부산울산시점,20250503,11,457,3,2025-05-03 15:43:09
1540,0651,부산울산선,S,0651VDS00200,35,23,0651CZS010,동부산IC-부산울산시점,20250503,22,245,3,2025-05-03 15:43:09
1540,1000,수도권제1순환선,E,1000VDE03621,78,26,1000CZE160,의정부IC-송추IC,20250503,25,100,3,2025-05-03 15:43:09
1540,1000,수도권제1순환선,E,1000VDE03622,77,20,1000CZE160,의정부IC-송추IC,20250503,35,43,3,2025-05-03 15:43:09
1540,1000,수도권제1순환선,E,1000VDE03624,75,25,1000CZE160,의정부IC-송추IC,20250503,29,50,3,2025-05-03 15:43:09
1540,1000,수도권제1순환선,E,1000VDE03626,80,20,1000CZE160,의정부IC-송추IC,20250503,36,44,3,2025-05-03 15:43:09
1540,1000,수도권제1순환선,E,1000VDE03628,78,18,1000CZE160,의정부IC-송추IC,20250503,40,43,2,2025-05-03 15:43:09
1540,1000,수도권제1순환선,E,1000VDE04800,79,25,1000CZE280,중동IC-송내IC,20250503,32,225,3,2025-05-03 15:43:09
1540,1000,수도권제1순환선,S,1000VDS03620,73,36,1000CZS160,송추IC-의정부IC,20250503,17,189,3,2025-05-03 15:43:09
1540,1000,수도권제1순환선,S,1000VDS03628,83,20,1000CZS160,송추IC-의정부IC,20250503,32,49,3,2025-05-03 15:43:09
1540,1000,수도권제1순환선,S,1000VDS03630,94,24,1000CZS160,송추IC-의정부IC,20250503,38,42,3,2025-05-03 15:43:09
1540,1000,수도권제1순환선,S,1000VDS03644,87,19,1000CZS170,양주TG-송추IC,20250503,38,84,3,2025-05-03 15:43:09
1540,1000,수도권제1순환선,S,1000VDS03648,79,32,1000CZS180,통일로IC-양주TG,20250503,22,359,3,2025-05-03 15:43:09
1540,1000,수도권제1순환선,S,1000VDS03649,79,32,1000CZS180,통일로IC-양주TG,20250503,22,156,3,2025-05-03 15:43:09
1540,1000,수도권제1순환선,S,1000VDS03650,50,48,1000CZS190,고양JC-통일로IC,20250503,18,255,3,2025-05-03 15:43:09
1540,1000,수도권제1순환선,S,1000VDS05100,30,41,1000CZS300,시흥IC-장수IC,20250503,11,507,3,2025-05-03 15:43:09
1540,1000,수도권제1순환선,S,1000VDS05200,30,41,1000CZS300,시흥IC-장수IC,20250503,11,463,3,2025-05-03 15:43:09
1540,1020,남해1지선,E,1020VDE01100,32,48,1020CZE030,서마산IC-동마산IC,20250503,24,219,3,2025-05-03 15:43:09
1540,1020,남해1지선,S,1020VDS00800,55,27,1020CZS020,서마산IC-내서JC,20250503,39,43,3,2025-05-03 15:43:09
1540,1100,제2경인선,E,1100VDE00400,40,31,1100CZE030,문학IC-남동IC,20250503,25,84,3,2025-05-03 15:43:09
1540,1100,제2경인선,S,1100VDS00700,54,32,1100CZS030,남동IC-문학IC,20250503,29,85,3,2025-05-03 15:43:09
1540,1100,제2경인선,S,1100VDS01802,63,0,1100CZS090,일직JC-광명IC,20250503,37,87,3,2025-05-03 15:43:09
1540,1100,제2경인선,S,1100VDS01900,63,0,1100CZS090,일직JC-광명IC,20250503,37,106,3,2025-05-03 15:43:09
1540,1100,제2경인선,S,1100VDS02000,61,36,1100CZS090,일직JC-광명IC,20250503,14,306,3,2025-05-03 15:43:09
1540,1201,신월여의지하도로,S,1201VDS00010,39,7,1201CZS010,여의도JC-신월IC,20250503,40,164,2,2025-05-03 15:43:09
1540,1201,신월여의지하도로,S,1201VDS00020,36,12,1201CZS010,여의도JC-신월IC,20250503,21,168,3,2025-05-03 15:43:09
1540,1201,신월여의지하도로,S,1201VDS00030,39,23,1201CZS010,여의도JC-신월IC,20250503,28,124,3,2025-05-03 15:43:09
1540,1201,신월여의지하도로,S,1201VDS00040,33,12,1201CZS010,여의도JC-신월IC,20250503,25,133,3,2025-05-03 15:43:09
1540,1510,서천공주선,S,1510VDS00400,31,39,1510CZS020,서부여IC-동서천JC,20250503,29,192,3,2025-05-03 15:43:09
1540,1510,서천공주선,S,1510VDS00600,21,36,1510CZS020,서부여IC-동서천JC,20250503,12,459,3,2025-05-03 15:43:09
1540,1510,서천공주선,S,1510VDS00700,23,36,1510CZS020,서부여IC-동서천JC,20250503,14,364,3,2025-05-03 15:43:09
1540,1510,서천공주선,S,1510VDS00900,23,36,1510CZS020,서부여IC-동서천JC,20250503,14,514,3,2025-05-03 15:43:09
1540,1710,용인서울선,E,1710VDE00040,65,21,1710CZE060,광교IC-서수지IC,20250503,33,118,3,2025-05-03 15:43:09
1540,1710,용인서울선,S,1710VDS00090,58,19,1710CZS090,고기터널북측-고기터널남측,20250503,35,61,3,2025-05-03 15:43:09
1540,1710,용인서울선,S,1710VDS00100,55,21,1710CZS110,고기JC북측-고기JC남측,20250503,28,108,3,2025-05-03 15:43:09
1540,1730,익산평택지선,E,1730VDE00400,25,23,1730CZE020,포승IC-포승JC,20250503,35,204,3,2025-05-03 15:43:09
1540,2510,호남지선,S,2510VDS00500,35,34,2510CZS010,논산IC-논산JC,20250503,36,119,3,2025-05-03 15:43:09
1540,2510,호남지선,S,2510VDS00600,35,34,2510CZS010,논산IC-논산JC,20250503,36,36,3,2025-05-03 15:43:09
1540,2510,호남지선,S,2510VDS04400,37,23,2510CZS050,유성JC-유성IC,20250503,36,67,3,2025-05-03 15:43:09
1540,2510,호남지선,S,2510VDS04500,37,23,2510CZS050,유성JC-유성IC,20250503,36,83,3,2025-05-03 15:43:09
1540,2510,호남지선,S,2510VDS05100,24,11,2510CZS060,북대전IC-유성JC,20250503,39,88,3,2025-05-03 15:43:09
1540,3010,상주영천선,E,3010VDE03600,19,36,3010CZE040,서군위IC-군위JCT,20250503,14,296,3,2025-05-03 15:43:09
1540,3010,상주영천선,E,3010VDE03700,25,36,3010CZE040,서군위IC-군위JCT,20250503,21,145,3,2025-05-03 15:43:09
1540,3010,상주영천선,E,3010VDE03800,42,27,3010CZE040,서군위IC-군위JCT,20250503,28,119,3,2025-05-03 15:43:09
1540,3010,상주영천선,E,3010VDE03900,31,40,3010CZE040,서군위IC-군위JCT,20250503,19,186,3,2025-05-03 15:43:09
1540,3010,상주영천선,E,3010VDE04000,30,17,3010CZE040,서군위IC-군위JCT,20250503,28,126,3,2025-05-03 15:43:09
1540,3010,상주영천선,E,3010VDE04100,30,21,3010CZE040,서군위IC-군위JCT,20250503,37,95,3,2025-05-03 15:43:09
1540,3010,상주영천선,E,3010VDE04200,27,24,3010CZE040,서군위IC-군위JCT,20250503,26,125,3,2025-05-03 15:43:09
1540,3010,상주영천선,E,3010VDE04500,37,30,3010CZE050,군위JCT-동군위IC,20250503,24,138,3,2025-05-03 15:43:09
1540,3010,상주영천선,E,3010VDE05200,28,23,3010CZE050,군위JCT-동군위IC,20250503,29,121,3,2025-05-03 15:43:09
1540,3010,상주영천선,E,3010VDE05300,41,26,3010CZE050,군위JCT-동군위IC,20250503,36,134,3,2025-05-03 15:43:09
1540,3010,상주영천선,E,3010VDE06200,28,27,3010CZE060,동군위IC-신녕IC,20250503,28,125,3,2025-05-03 15:43:09
1540,3010,상주영천선,E,3010VDE06400,44,25,3010CZE060,동군위IC-신녕IC,20250503,39,88,3,2025-05-03 15:43:09
1540,3010,상주영천선,S,3010VDS04300,34,36,3010CZS040,군위JCT-서군위IC,20250503,18,194,3,2025-05-03 15:43:09
1540,3010,상주영천선,S,3010VDS04600,44,31,3010CZS050,동군위IC-군위JCT,20250503,33,102,3,2025-05-03 15:43:09
1540,3010,상주영천선,S,3010VDS04700,41,32,3010CZS050,동군위IC-군위JCT,20250503,31,107,3,2025-05-03 15:43:09
1540,3010,상주영천선,S,3010VDS04800,36,28,3010CZS050,동군위IC-군위JCT,20250503,22,151,3,2025-05-03 15:43:09
1540,3010,상주영천선,S,3010VDS04900,41,24,3010CZS050,동군위IC-군위JCT,20250503,40,89,2,2025-05-03 15:43:09
1540,3010,상주영천선,S,3010VDS05000,51,25,3010CZS050,동군위IC-군위JCT,20250503,38,92,3,2025-05-03 15:43:09
1540,3010,상주영천선,S,3010VDS05100,43,29,3010CZS050,동군위IC-군위JCT,20250503,36,95,3,2025-05-03 15:43:09
1540,3010,상주영천선,S,3010VDS05200,44,22,3010CZS050,동군위IC-군위JCT,20250503,39,91,3,2025-05-03 15:43:09
1540,3010,상주영천선,S,3010VDS05300,42,30,3010CZS050,동군위IC-군위JCT,20250503,29,164,3,2025-05-03 15:43:09
1540,4000,봉담동탄선,E,4000VDE00004,19,36,4000CZE010,서오산JC-북오산IC,20250503,39,75,3,2025-05-03 15:43:09
1540,4000,봉담동탄선,E,4000VDE00008,29,35,4000CZE020,북오산IC-동탄JC,20250503,18,178,3,2025-05-03 15:43:09
1540,4000,봉담동탄선,E,4000VDE00009,42,32,4000CZE020,북오산IC-동탄JC,20250503,29,130,3,2025-05-03 15:43:09
1540,4004,화성광주선,E,4004VDE00400,45,19,4004CZE020,동탄IC-서용인IC,20250503,38,144,3,2025-05-03 15:43:09
1540,4004,화성광주선,E,4004VDE00500,48,27,4004CZE020,동탄IC-서용인IC,20250503,31,55,3,2025-05-03 15:43:09
1540,4004,화성광주선,E,4004VDE00600,43,25,4004CZE020,동탄IC-서용인IC,20250503,27,61,3,2025-05-03 15:43:09
1540,4004,화성광주선,E,4004VDE00700,39,21,4004CZE020,동탄IC-서용인IC,20250503,35,107,3,2025-05-03 15:43:09
1540,4007,수도권제2순환선(포천-화도),E,4007VDE02500,18,41,4007CZE040,수동휴게소IC-수동IC,20250503,12,174,3,2025-05-03 15:43:09
1540,4007,수도권제2순환선(포천-화도),E,4007VDE02600,18,39,4007CZE040,수동휴게소IC-수동IC,20250503,10,259,3,2025-05-03 15:43:09
1540,4007,수도권제2순환선(포천-화도),E,4007VDE02700,25,46,4007CZE040,수동휴게소IC-수동IC,20250503,11,199,3,2025-05-03 15:43:09
1540,6000,부산외곽선,S,6000VDS03500,34,27,6000CZS090,기장JC-기장철마IC,20250503,23,377,3,2025-05-03 15:43:09
